Date,Bullish,Neutral,Bearish
7/31/87,-0.277777778,-0.04,0.857142857
8/7/87,1.153846154,-0.6875,0.115384615
8/14/87,-0.196428571,1.333333333,-0.310344828
8/21/87,0.466666667,-0.2,-0.7
8/28/87,-0.212121212,-0.357142857,4
9/4/87,-0.192307692,-0.055555556,0.366666667
9/11/87,0.19047619,0.352941176,-0.341463415
9/18/87,0.2,0.260869565,-0.592592593
9/25/87,-0.116666667,-0.413793103,1.727272727
10/2/87,-0.169811321,0.529411765,0
10/9/87,0.045454545,0.5,-0.5
10/16/87,-0.195652174,-0.230769231,1.2
10/23/87,0.054054054,0,-0.060606061
10/30/87,0.128205128,-0.233333333,0.064516129
11/6/87,0.068181818,0.347826087,-0.333333333
11/13/87,-0.340425532,0.322580645,0.272727273
11/20/87,0.258064516,0.024390244,-0.321428571
11/27/87,-0.307692308,0.095238095,0.421052632
12/4/87,-0.074074074,-0.282608696,0.555555556
12/11/87,-0.08,0.363636364,-0.238095238
12/18/87,0.434782609,-0.111111111,-0.15625
12/24/87,-0.151515152,0.3,-0.259259259
12/31/87,-0.107142857,-0.057692308,0.3
1/8/88,0.36,-0.06122449,-0.230769231
1/15/88,0,-0.130434783,0.3
1/22/88,-0.382352941,0.2,0.192307692
1/29/88,0.238095238,-0.0625,-0.064516129
2/5/88,0.230769231,0.177777778,-0.482758621
2/12/88,0,-0.132075472,0.466666667
2/19/88,-0.15625,0.065217391,0.090909091
2/26/88,0.111111111,0.040816327,-0.208333333
3/4/88,0.266666667,-0.215686275,0.157894737
3/11/88,0.131578947,0,-0.227272727
3/18/88,-0.046511628,0.225,-0.411764706
3/25/88,0.097560976,-0.224489796,0.7
4/1/88,-0.222222222,0.184210526,0.176470588
4/8/88,-0.057142857,0.066666667,-0.05
4/15/88,-0.303030303,0.104166667,0.263157895
4/22/88,0,0.075471698,-0.166666667
4/29/88,-0.043478261,-0.157894737,0.5
5/6/88,0.727272727,-0.125,-0.333333333
5/13/88,-0.5,0.333333333,0.25
5/20/88,0.210526316,-0.071428571,0
5/27/88,0.217391304,0,-0.2
6/3/88,-0.071428571,0.192307692,-0.4
6/10/88,0.076923077,-0.209677419,0.916666667
6/17/88,0.035714286,0.020408163,-0.086956522
6/24/88,0.137931034,-0.12,0.095238095
7/1/88,0.363636364,-0.136363636,-0.260869565
7/8/88,-0.222222222,0.315789474,-0.117647059
7/15/88,-0.257142857,-0.26,1.466666667
7/22/88,-0.384615385,0.567567568,-0.297297297
7/29/88,0.4375,-0.068965517,-0.115384615
8/5/88,-0.086956522,-0.092592593,0.304347826
8/12/88,0.238095238,-0.020408163,-0.133333333
8/19/88,-0.269230769,0.104166667,0.076923077
8/26/88,0.473684211,-0.245283019,0.142857143
9/2/88,-0.357142857,0.075,0.21875
9/9/88,-0.055555556,0.209302326,-0.205128205
9/16/88,0.411764706,-0.115384615,-0.032258065
9/23/88,-0.166666667,0.152173913,-0.1
9/30/88,0.3,-0.169811321,0.111111111
10/7/88,-0.5,0.113636364,0.266666667
10/14/88,0.692307692,-0.06122449,-0.157894737
10/21/88,0.181818182,0.108695652,-0.28125
10/28/88,0.538461538,-0.254901961,-0.043478261
11/4/88,-0.125,0.210526316,-0.136363636
11/11/88,-0.342857143,0.217391304,0.105263158
11/18/88,0.304347826,-0.392857143,0.714285714
11/25/88,-0.433333333,0.294117647,0.083333333
12/2/88,0.117647059,0.068181818,-0.128205128
12/9/88,-0.105263158,-0.063829787,0.147058824
12/16/88,0.411764706,0.227272727,-0.435897436
12/23/88,-0.083333333,-0.148148148,0.454545455
12/30/88,0.090909091,0.173913043,-0.3125
1/6/89,0.083333333,-0.055555556,0.045454545
1/13/89,0.384615385,-0.137254902,-0.130434783
1/20/89,0,0.068181818,-0.15
1/27/89,-0.111111111,0.042553191,0.117647059
2/3/89,0.03125,-0.102040816,0.210526316
2/10/89,0.303030303,-0.295454545,0.130434783
2/17/89,-0.023255814,0.322580645,-0.346153846
2/24/89,-0.30952381,0.097560976,0.529411765
3/3/89,0,-0.222222222,0.384615385
3/10/89,-0.551724138,0.485714286,-0.027777778
3/17/89,1.153846154,-0.173076923,-0.171428571
3/23/89,0.035714286,-0.046511628,0.034482759
3/31/89,-0.379310345,0.024390244,0.333333333
4/7/89,0.277777778,0.071428571,-0.2
4/14/89,0.086956522,-0.066666667,0.03125
4/21/89,-0.16,0.214285714,-0.151515152
4/28/89,0.476190476,-0.215686275,0.035714286
5/5/89,-0.032258065,0,0.034482759
5/12/89,0.266666667,0.075,-0.366666667
5/19/89,0.131578947,-0.11627907,0
5/26/89,0.11627907,-0.184210526,0.105263158
6/2/89,-0.125,-0.129032258,0.476190476
6/9/89,0.023809524,0.259259259,-0.258064516
6/16/89,-0.255813953,0.088235294,0.347826087
6/23/89,0.03125,-0.405405405,0.451612903
6/30/89,0.212121212,0.545454545,-0.422222222
7/7/89,-0.075,-0.058823529,0.192307692
7/14/89,-0.405405405,-0.0625,0.548387097
7/21/89,0.454545455,0.3,-0.395833333
7/28/89,0.28125,-0.358974359,0.172413793
8/4/89,-0.146341463,0.2,0.029411765
8/11/89,0.514285714,-0.3,-0.257142857
8/18/89,-0.339622642,0.333333333,0.423076923
8/25/89,0.285714286,-0.142857143,-0.162162162
9/1/89,-0.244444444,0.25,0.161290323
9/8/89,-0.117647059,0,0.111111111
9/15/89,0.033333333,0.466666667,-0.375
9/22/89,-0.225806452,-0.159090909,0.56
9/29/89,0.375,0.027027027,-0.256410256
10/6/89,-0.272727273,0.131578947,0.137931034
10/13/89,0.166666667,0.209302326,-0.393939394
10/20/89,0.392857143,-0.461538462,0.65
10/27/89,-0.076923077,0.178571429,-0.060606061
11/3/89,0.027777778,-0.060606061,0.032258065
11/10/89,-0.27027027,0.193548387,0.125
11/17/89,-0.111111111,-0.243243243,0.333333333
11/22/89,0.125,0.428571429,-0.3125
12/1/89,0.037037037,0,-0.03030303
12/8/89,0.107142857,0.025,-0.125
12/15/89,0.35483871,-0.268292683,0
12/22/89,-0.142857143,0.066666667,0.142857143
12/29/89,-0.027777778,-0.03125,0.0625
1/5/90,0.142857143,-0.032258065,-0.117647059
1/12/90,0.125,0.266666667,-0.433333333
1/19/90,-0.311111111,0.289473684,0.176470588
1/26/90,-0.225806452,-0.224489796,0.9
2/2/90,-0.375,-0.026315789,0.263157895
2/9/90,0.266666667,-0.189189189,0.0625
2/16/90,0.210526316,0.433333333,-0.333333333
2/23/90,0.043478261,-0.11627907,0.117647059
3/2/90,-0.125,-0.026315789,0.105263158
3/9/90,0.047619048,0.135135135,-0.142857143
3/16/90,0.136363636,-0.166666667,0.111111111
3/23/90,0.48,0.114285714,-0.4
3/30/90,-0.081081081,-0.102564103,0.291666667
4/6/90,0.117647059,0.057142857,-0.193548387
4/12/90,-0.289473684,0.513513514,-0.32
4/20/90,0.259259259,-0.232142857,0.352941176
4/27/90,-0.176470588,-0.186046512,0.608695652
5/4/90,-0.285714286,0,0.216216216
5/11/90,0.4,0.085714286,-0.244444444
5/18/90,0.321428571,-0.078947368,-0.176470588
5/25/90,0.054054054,-0.085714286,0.035714286
6/1/90,-0.051282051,-0.125,0.206896552
6/8/90,-0.054054054,0.25,-0.142857143
6/15/90,0.228571429,-0.085714286,-0.166666667
6/22/90,-0.209302326,0,0.36
6/29/90,-0.088235294,-0.03125,0.117647059
7/6/90,-0.096774194,0.096774194,0
7/13/90,0.428571429,-0.117647059,-0.210526316
7/20/90,0,0,0
7/27/90,0.3,-0.2,-0.2
8/3/90,-0.5,0.166666667,0.916666667
8/10/90,-0.038461538,-0.25,0.173913043
8/17/90,-0.28,0.095238095,0.092592593
8/24/90,0.388888889,0.043478261,-0.13559322
8/31/90,-0.08,-0.333333333,0.196078431
9/7/90,0.434782609,0.125,-0.196721311
9/14/90,-0.515151515,0.833333333,0.040816327
9/21/90,-0.1875,-0.060606061,0.098039216
9/28/90,1,-0.35483871,-0.035714286
10/5/90,-0.423076923,0.3,0.092592593
10/12/90,0.4,0.038461538,-0.118644068
10/19/90,-0.380952381,-0.259259259,0.288461538
10/26/90,0.769230769,-0.05,-0.134328358
11/2/90,-0.130434783,0.894736842,-0.24137931
11/9/90,0,-0.111111111,0.090909091
11/16/90,-0.4,0.03125,0.145833333
11/21/90,0.333333333,0.121212121,-0.145454545
11/30/90,0.375,-0.108108108,-0.042553191
12/7/90,0.181818182,0,-0.088888889
12/14/90,0.192307692,-0.060606061,-0.073170732
12/21/90,-0.483870968,0.096774194,0.315789474
12/28/90,0.875,-0.117647059,-0.2
1/4/91,0.033333333,0.3,-0.25
1/11/91,-0.290322581,-0.230769231,0.6
1/18/91,0,-0.1,0.0625
1/25/91,0.136363636,-0.074074074,-0.019607843
2/1/91,0.16,0.16,-0.16
2/8/91,0.24137931,-0.034482759,-0.142857143
2/15/91,0.277777778,0.071428571,-0.333333333
2/22/91,0.239130435,-0.333333333,-0.041666667
3/1/91,-0.122807018,-0.1,0.391304348
3/8/91,0,0.166666667,-0.09375
3/15/91,0.1,0.047619048,-0.206896552
3/22/91,-0.236363636,0.409090909,0.173913043
3/29/91,0.119047619,-0.096774194,-0.074074074
4/5/91,0.234042553,-0.214285714,-0.2
4/12/91,-0.25862069,0.454545455,0.25
4/19/91,-0.093023256,0.21875,-0.12
4/26/91,0.41025641,-0.282051282,-0.227272727
5/3/91,-0.290909091,0.178571429,0.647058824
5/10/91,-0.025641026,0.03030303,0
5/17/91,0.105263158,-0.058823529,-0.071428571
5/24/91,-0.095238095,0.21875,-0.115384615
5/31/91,0.105263158,-0.102564103,0
6/7/91,0.095238095,0.057142857,-0.260869565
6/14/91,0.02173913,-0.162162162,0.294117647
6/21/91,-0.063829787,0.290322581,-0.272727273
6/28/91,-0.363636364,-0.075,1.1875
7/3/91,0,0.054054054,-0.057142857
7/12/91,0.464285714,0,-0.393939394
7/19/91,-0.341463415,0.307692308,0.1
7/26/91,0.296296296,-0.176470588,0.045454545
8/2/91,-0.057142857,-0.142857143,0.347826087
8/9/91,-0.212121212,0.25,-0.064516129
8/16/91,0.423076923,-0.266666667,0.034482759
8/23/91,-0.135135135,0.090909091,0.066666667
8/30/91,0.28125,0.111111111,-0.40625
9/6/91,-0.12195122,-0.225,0.736842105
9/13/91,0.194444444,0.258064516,-0.454545455
9/20/91,-0.255813953,0.230769231,0.111111111
9/27/91,-0.03125,-0.208333333,0.55
10/4/91,0.129032258,-0.210526316,0.129032258
10/11/91,0.114285714,0.233333333,-0.314285714
10/18/91,-0.230769231,-0.162162162,0.625
10/25/91,0.033333333,0.161290323,-0.153846154
11/1/91,0.677419355,-0.666666667,0.090909091
11/8/91,-0.384615385,2,-0.111111111
11/15/91,0.1875,-0.083333333,-0.09375
11/22/91,0.263157895,-0.03030303,-0.310344828
11/27/91,-0.3125,-0.15625,1
12/6/91,-0.303030303,0.185185185,0.125
12/13/91,0.434782609,0.125,-0.311111111
12/20/91,0.090909091,-0.166666667,0.096774194
12/27/91,0.083333333,-0.033333333,-0.058823529
1/3/92,0.256410256,-0.310344828,-0.03125
1/10/92,-0.020408163,0.35,-0.193548387
1/17/92,0.0625,-0.222222222,0.12
1/24/92,-0.098039216,0.19047619,0.035714286
1/31/92,0.02173913,0.04,-0.068965517
2/7/92,-0.234042553,0.5,-0.074074074
2/14/92,0.277777778,-0.282051282,0.04
2/21/92,0.02173913,-0.107142857,0.076923077
2/28/92,-0.085106383,0.44,-0.25
3/6/92,0.046511628,-0.194444444,0.238095238
3/13/92,-0.155555556,0.206896552,0.038461538
3/20/92,0.263157895,-0.171428571,-0.148148148
3/27/92,-0.104166667,0.206896552,-0.043478261
4/3/92,-0.186046512,0.2,0.045454545
4/10/92,0.228571429,-0.357142857,0.304347826
4/17/92,-0.139534884,0.407407407,-0.166666667
4/24/92,0.405405405,-0.105263158,-0.44
5/1/92,-0.442307692,0.058823529,1.5
5/8/92,0.482758621,-0.138888889,-0.257142857
5/15/92,-0.069767442,0.193548387,-0.115384615
5/22/92,0.2,-0.351351351,0.217391304
5/29/92,-0.145833333,0.791666667,-0.428571429
6/5/92,0,-0.069767442,0.1875
6/12/92,-0.243902439,0.15,0.210526316
6/19/92,0.129032258,-0.195652174,0.217391304
6/26/92,0.114285714,-0.081081081,-0.035714286
7/2/92,-0.461538462,0.294117647,0.296296296
7/9/92,0.095238095,-0.045454545,0
7/17/92,0.260869565,-0.047619048,-0.114285714
7/24/92,0.103448276,0.1,-0.225806452
7/31/92,-0.3125,0.068181818,0.291666667
8/5/92,0.272727273,-0.170212766,0.064516129
8/14/92,-0.071428571,-0.051282051,0.121212121
8/21/92,-0.153846154,-0.081081081,0.189189189
8/28/92,0.363636364,0.088235294,-0.25
9/4/92,-0.533333333,0.189189189,0.272727273
9/11/92,0.571428571,-0.113636364,-0.071428571
9/18/92,-0.045454545,0.076923077,-0.051282051
9/25/92,0.19047619,-0.19047619,0.108108108
10/2/92,0.2,0.029411765,-0.146341463
10/9/92,-0.3,0,0.257142857
10/16/92,-0.047619048,-0.314285714,0.272727273
10/23/92,0.05,0.333333333,-0.160714286
10/30/92,0.666666667,0.09375,-0.361702128
11/6/92,0.4,-0.228571429,-0.2
11/13/92,-0.244897959,0.62962963,-0.208333333
11/20/92,0.297297297,-0.136363636,-0.263157895
11/25/92,-0.104166667,-0.026315789,0.428571429
12/4/92,-0.139534884,0.054054054,0.2
12/11/92,0.162162162,0.076923077,-0.375
12/18/92,0.465116279,-0.357142857,-0.333333333
12/24/92,-0.126984127,0.111111111,0.5
1/1/93,0.090909091,-0.1,-0.133333333
1/8/93,-0.666666667,0.814814815,1.384615385
1/15/93,1.7,-0.346938776,-0.548387097
1/22/93,-0.240740741,0.1875,0.5
1/29/93,-0.024390244,-0.026315789,0.095238095
2/5/93,0.1,-0.081081081,-0.043478261
2/12/93,0.068181818,-0.088235294,0
2/19/93,-0.021276596,-0.129032258,0.227272727
2/26/93,-0.260869565,0.185185185,0.259259259
3/5/93,-0.205882353,0.125,0.088235294
3/12/93,0.666666667,-0.083333333,-0.405405405
3/19/93,-0.088888889,-0.03030303,0.227272727
3/26/93,0.048780488,0.0625,-0.148148148
4/2/93,-0.139534884,0.058823529,0.173913043
4/9/93,-0.135135135,0.083333333,0.074074074
4/16/93,-0.03125,-0.102564103,0.172413793
4/23/93,-0.096774194,0.2,-0.117647059
4/30/93,-0.214285714,-0.119047619,0.366666667
5/7/93,-0.045454545,0.216216216,-0.170731707
5/14/93,-0.047619048,-0.088888889,0.147058824
5/21/93,0.05,-0.170731707,0.153846154
5/28/93,0.142857143,0.088235294,-0.133333333
6/4/93,0.375,0.054054054,-0.282051282
6/11/93,-0.303030303,-0.076923077,0.464285714
6/18/93,-0.043478261,-0.027777778,0.048780488
6/25/93,0.272727273,0.085714286,-0.209302326
7/2/93,-0.357142857,0.157894737,0.117647059
7/9/93,0.166666667,0.022727273,-0.105263158
7/16/93,0.047619048,-0.022222222,0
7/23/93,0.090909091,-0.022727273,-0.029411765
7/30/93,0.041666667,0.046511628,-0.090909091
8/6/93,0.04,-0.066666667,0.066666667
8/13/93,-0.038461538,-0.023809524,0.0625
8/20/93,0.16,0,-0.117647059
8/27/93,-0.068965517,-0.146341463,0.266666667
9/3/93,0.407407407,-0.057142857,-0.236842105
9/10/93,-0.210526316,-0.090909091,0.379310345
9/17/93,0.066666667,0.133333333,-0.15
9/24/93,-0.125,0.176470588,-0.058823529
10/1/93,-0.071428571,-0.15,0.25
10/8/93,0.115384615,0.088235294,-0.15
10/15/93,0.068965517,0.027027027,-0.088235294
10/22/93,0.35483871,-0.210526316,-0.096774194
10/29/93,0.023809524,0.1,-0.142857143
11/4/93,-0.255813953,0.090909091,0.333333333
11/11/93,0.09375,-0.166666667,0.09375
11/18/93,-0.028571429,0.033333333,0
11/24/93,0.323529412,-0.032258065,-0.285714286
12/2/93,-0.266666667,0.066666667,0.4
12/9/93,0.121212121,0.21875,-0.314285714
12/16/93,-0.108108108,-0.025641026,0.208333333
12/23/93,0.090909091,-0.184210526,0.137931034
12/30/93,0.222222222,-0.096774194,-0.151515152
1/6/94,-0.090909091,0.178571429,-0.035714286
1/13/94,-0.05,-0.060606061,0.148148148
1/20/94,0.263157895,-0.161290323,-0.161290323
1/27/94,-0.145833333,-0.038461538,0.307692308
2/3/94,-0.073170732,0.16,-0.029411765
2/10/94,0.289473684,-0.068965517,-0.272727273
2/17/94,-0.183673469,0.333333333,0
2/24/94,0.025,-0.166666667,0.208333333
3/3/94,-0.243902439,0.4,-0.068965517
3/10/94,-0.064516129,-0.19047619,0.37037037
3/17/94,-0.172413793,0.205882353,-0.054054054
3/24/94,0.208333333,-0.097560976,-0.028571429
3/31/94,-0.206896552,-0.108108108,0.294117647
4/7/94,0.217391304,-0.060606061,-0.068181818
4/14/94,0.035714286,-0.258064516,0.170731707
4/21/94,-0.103448276,0.782608696,-0.3125
4/28/94,0.038461538,-0.146341463,0.151515152
5/5/94,0.185185185,-0.085714286,-0.052631579
5/12/94,0.1875,0,-0.166666667
5/19/94,-0.421052632,0.125,0.4
5/26/94,0.318181818,-0.083333333,-0.095238095
6/2/94,0.344827586,0.090909091,-0.342105263
6/9/94,-0.282051282,0.305555556,0
6/16/94,0.142857143,-0.106382979,0.04
6/23/94,-0.09375,0.071428571,0
6/30/94,0.103448276,-0.177777778,0.192307692
7/7/94,-0.125,-0.135135135,0.290322581
7/14/94,-0.107142857,0.25,-0.125
7/21/94,0.36,-0.05,-0.2
7/28/94,-0.205882353,0.105263158,0.107142857
8/4/94,-0.185185185,0.238095238,-0.161290323
8/11/94,0.545454545,-0.288461538,0.115384615
8/18/94,-0.117647059,0.081081081,0.034482759
8/25/94,0.066666667,-0.025,-0.033333333
9/1/94,0.34375,-0.128205128,-0.206896552
9/8/94,0.093023256,-0.029411765,-0.130434783
9/15/94,-0.042553191,-0.242424242,0.5
9/22/94,-0.177777778,0.44,-0.1
9/29/94,0.027027027,-0.111111111,0.111111111
10/6/94,-0.131578947,0.21875,-0.066666667
10/13/94,0.060606061,0,-0.071428571
10/20/94,0.114285714,-0.153846154,0.076923077
10/27/94,0.102564103,0.151515152,-0.321428571
11/3/94,-0.069767442,-0.078947368,0.315789474
11/10/94,-0.075,-0.114285714,0.28
11/17/94,0.054054054,-0.290322581,0.21875
11/23/94,0,0.454545455,-0.256410256
11/30/94,0.128205128,-0.0625,-0.103448276
12/8/94,-0.318181818,0.166666667,0.346153846
12/15/94,0.1,0,-0.085714286
12/22/94,0.272727273,-0.285714286,0.03125
12/29/94,-0.047619048,0.72,-0.484848485
1/5/95,0.1,-0.279069767,0.470588235
1/12/95,-0.181818182,0.35483871,-0.12
1/19/95,0.027777778,-0.071428571,0.090909091
1/26/95,0.027027027,-0.051282051,0.041666667
2/2/95,0,0,0
2/9/95,-0.105263158,0.162162162,-0.08
2/16/95,0.264705882,-0.139534884,-0.130434783
2/23/95,0.069767442,0,-0.15
3/2/95,0.152173913,-0.297297297,0.235294118
3/9/95,-0.094339623,0.307692308,-0.142857143
3/16/95,-0.1875,0.205882353,0.111111111
3/23/95,0.205128205,-0.268292683,0.15
3/30/95,0.106382979,-0.233333333,0.086956522
4/6/95,-0.192307692,0.086956522,0.32
4/13/95,-0.047619048,-0.08,0.121212121
4/20/95,-0.075,0.173913043,-0.027027027
4/27/95,0.405405405,0.074074074,-0.472222222
5/4/95,-0.192307692,-0.068965517,0.631578947
5/11/95,0.047619048,-0.037037037,-0.032258065
5/18/95,-0.045454545,-0.115384615,0.166666667
5/25/95,0.047619048,0.130434783,-0.142857143
6/1/95,-0.113636364,0.307692308,-0.1
6/8/95,0.128205128,-0.264705882,0.148148148
6/15/95,-0.181818182,0.24,0.064516129
6/22/95,0.333333333,-0.322580645,-0.060606061
6/29/95,-0.270833333,0.333333333,0.193548387
7/6/95,0,0.214285714,-0.162162162
7/13/95,0.257142857,-0.470588235,0.225806452
7/20/95,-0.022727273,0.666666667,-0.289473684
7/27/95,-0.046511628,-0.133333333,0.222222222
8/3/95,-0.073170732,0.307692308,-0.151515152
8/10/95,0.052631579,-0.117647059,0.071428571
8/17/95,-0.1,0.433333333,-0.3
8/24/95,-0.027777778,-0.348837209,0.761904762
8/31/95,0.085714286,0.5,-0.459459459
9/7/95,-0.026315789,-0.142857143,0.35
9/14/95,0.243243243,-0.111111111,-0.185185185
9/21/95,0,-0.21875,0.318181818
9/28/95,-0.086956522,0.08,0.068965517
10/5/95,-0.071428571,0.37037037,-0.225806452
10/12/95,0.051282051,-0.189189189,0.208333333
10/19/95,0.146341463,0.066666667,-0.275862069
10/26/95,-0.021276596,0.03125,0
11/2/95,0.02173913,0.03030303,-0.095238095
11/9/95,0.042553191,0.029411765,-0.157894737
11/16/95,-0.06122449,-0.114285714,0.4375
11/22/95,0.043478261,-0.419354839,0.47826087
11/30/95,0.0625,0.666666667,-0.441176471
12/7/95,-0.058823529,-0.066666667,0.263157895
12/14/95,0.0625,-0.178571429,0.083333333
12/21/95,-0.058823529,0.217391304,-0.076923077
12/28/95,-0.041666667,0.214285714,-0.166666667
1/4/96,0.195652174,-0.470588235,0.35
1/11/96,,,
1/18/96,,,
1/25/96,-0.142857143,0.379310345,-0.172413793
2/1/96,0.5,-0.225,-0.375
2/8/96,-0.018518519,0,0.066666667
2/15/96,0.018867925,-0.322580645,0.5625
2/22/96,-0.092592593,0.047619048,0.16
2/29/96,-0.081632653,0.272727273,-0.068965517
3/7/96,-0.022222222,0,0.037037037
3/14/96,-0.181818182,0.25,0.035714286
3/21/96,0.305555556,-0.114285714,-0.24137931
3/28/96,-0.042553191,0,0.090909091
4/4/96,-0.111111111,0.387096774,-0.291666667
4/11/96,0,-0.023255814,0.058823529
4/18/96,-0.1,-0.095238095,0.444444444
4/25/96,-0.222222222,0.052631579,0.230769231
5/2/96,0.714285714,-0.225,-0.34375
5/9/96,-0.041666667,0.225806452,-0.238095238
5/16/96,-0.195652174,0.052631579,0.4375
5/23/96,0.378378378,-0.125,-0.391304348
5/30/96,0.196078431,-0.171428571,-0.285714286
6/6/96,-0.229508197,-0.034482759,1.5
6/13/96,0.042553191,0,-0.08
6/20/96,-0.142857143,0.142857143,0.130434783
6/27/96,0,0.28125,-0.346153846
7/3/96,-0.238095238,0.073170732,0.411764706
7/11/96,0.25,-0.204545455,0.041666667
7/18/96,-0.275,0.285714286,0.04
7/25/96,0.034482759,-0.288888889,0.461538462
8/1/96,-0.033333333,0.1875,-0.131578947
8/8/96,-0.068965517,0.105263158,-0.060606061
8/15/96,0.592592593,-0.119047619,-0.35483871
8/22/96,-0.348837209,0.243243243,0.3
8/29/96,0,-0.065217391,0.115384615
9/5/96,0.035714286,-0.186046512,0.24137931
9/12/96,-0.103448276,0.314285714,-0.222222222
9/19/96,0.076923077,-0.108695652,0.107142857
9/26/96,0.214285714,-0.048780488,-0.129032258
10/3/96,0.176470588,-0.205128205,0.074074074
10/10/96,-0.05,0.161290323,-0.103448276
10/17/96,0.026315789,0,-0.038461538
10/24/96,0.076923077,-0.083333333,0
10/31/96,-0.119047619,-0.121212121,0.36
11/7/96,-0.297297297,0.551724138,-0.147058824
11/14/96,0.423076923,-0.244444444,0
11/21/96,0.162162162,-0.117647059,-0.068965517
11/27/96,0.209302326,-0.1,-0.222222222
12/5/96,-0.211538462,-0.037037037,0.571428571
12/12/96,-0.024390244,0.076923077,-0.03030303
12/19/96,-0.175,0,0.21875
12/26/96,0.121212121,0.178571429,-0.230769231
1/2/97,0.162162162,0,-0.2
1/9/97,-0.162790698,0.181818182,0.041666667
1/16/97,0.166666667,-0.179487179,0.04
1/23/97,-0.119047619,0.28125,-0.153846154
1/30/97,0.378378378,-0.195121951,-0.272727273
2/6/97,-0.078431373,-0.121212121,0.5
2/13/97,-0.042553191,0.275862069,-0.25
2/20/97,-0.022222222,-0.027027027,0.111111111
2/27/97,0.431818182,-0.388888889,-0.25
3/6/97,-0.317460317,0.681818182,0.333333333
3/13/97,-0.209302326,-0.027027027,0.5
3/20/97,0.058823529,0.166666667,-0.266666667
3/27/97,-0.25,-0.047619048,0.5
4/3/97,0.074074074,0,-0.060606061
4/10/97,-0.103448276,-0.075,0.193548387
4/17/97,0.192307692,0.108108108,-0.243243243
4/24/97,-0.096774194,-0.024390244,0.142857143
5/1/97,-0.035714286,0.1,-0.09375
5/8/97,0.111111111,0,-0.103448276
5/15/97,0.366666667,-0.181818182,-0.115384615
5/22/97,-0.024390244,-0.027777778,0.086956522
5/29/97,0,0.142857143,-0.2
6/5/97,0.3,-0.175,-0.25
6/12/97,-0.057692308,0.060606061,0.066666667
6/19/97,0.204081633,-0.257142857,-0.0625
6/26/97,-0.118644068,-0.038461538,0.533333333
7/3/97,-0.134615385,0.2,0.086956522
7/10/97,0.088888889,0.1,-0.28
7/17/97,0.102040816,-0.090909091,-0.111111111
7/24/97,-0.018518519,-0.166666667,0.375
7/31/97,-0.094339623,0.04,0.181818182
8/7/97,0.020833333,0.076923077,-0.115384615
8/14/97,0,0.071428571,-0.086956522
8/21/97,-0.040816327,0.1,-0.047619048
8/28/97,0.063829787,-0.151515152,0.1
9/4/97,-0.26,0.357142857,0.136363636
9/11/97,0.135135135,-0.052631579,-0.12
9/18/97,-0.047619048,0.222222222,-0.272727273
9/25/97,-0.025,-0.045454545,0.1875
10/2/97,-0.025641026,0.023809524,0
10/9/97,0.131578947,0,-0.263157895
10/16/97,0,-0.162790698,0.5
10/23/97,-0.069767442,0.277777778,-0.333333333
10/30/97,0.025,-0.217391304,0.642857143
11/6/97,-0.073170732,0.027777778,0.086956522
11/13/97,0.184210526,0.027027027,-0.32
11/20/97,-0.111111111,0,0.294117647
11/26/97,0,0.052631579,-0.090909091
12/4/97,0.225,-0.175,-0.1
12/11/97,-0.06122449,0.121212121,-0.055555556
12/18/97,-0.130434783,0.108108108,0.117647059
12/24/97,0.025,-0.12195122,0.210526316
12/31/97,-0.170731707,-0.027777778,0.347826087
1/8/98,0.235294118,0.142857143,-0.419354839
1/16/98,-0.095238095,0.125,-0.055555556
1/23/98,-0.184210526,-0.133333333,0.764705882
1/30/98,0.225806452,0.076923077,-0.333333333
2/5/98,-0.210526316,0.071428571,0.25
2/12/98,0.5,-0.2,-0.24
2/19/98,-0.066666667,0.194444444,-0.210526316
2/26/98,0.261904762,-0.23255814,-0.066666667
3/5/98,0,0.03030303,-0.071428571
3/12/98,-0.169811321,0.058823529,0.538461538
3/19/98,-0.090909091,0.055555556,0.1
3/26/98,0.125,-0.078947368,-0.090909091
4/2/98,0.022222222,-0.085714286,0.1
4/9/98,-0.108695652,0.125,0.045454545
4/16/98,0.292682927,-0.111111111,-0.347826087
4/23/98,-0.245283019,0.1875,0.466666667
4/30/98,0.1,-0.184210526,0.136363636
5/7/98,-0.022727273,0.096774194,-0.08
5/14/98,-0.23255814,0.205882353,0.130434783
5/21/98,0.151515152,-0.048780488,-0.115384615
5/28/98,-0.105263158,0.025641026,0.130434783
6/4/98,-0.264705882,0.1,0.192307692
6/11/98,0.08,0.113636364,-0.225806452
6/18/98,0.074074074,-0.224489796,0.375
6/25/98,-0.034482759,0.157894737,-0.151515152
7/2/98,0.178571429,0.090909091,-0.321428571
7/9/98,0.090909091,-0.083333333,0.052631579
7/16/98,-0.027777778,0,0.05
7/23/98,0.057142857,-0.113636364,0.142857143
7/30/98,0.189189189,-0.076923077,-0.166666667
8/6/98,-0.318181818,0.222222222,0.3
8/13/98,-0.1,-0.136363636,0.346153846
8/20/98,-0.074074074,0.105263158,-0.057142857
8/27/98,-0.08,-0.238095238,0.363636364
9/3/98,0,0.15625,-0.111111111
9/10/98,0.260869565,-0.162162162,0
9/17/98,0.172413793,0.129032258,-0.225
9/24/98,0,0.085714286,-0.096774194
10/1/98,-0.058823529,-0.078947368,0.178571429
10/8/98,-0.21875,0.228571429,-0.03030303
10/15/98,0,-0.209302326,0.28125
10/22/98,0.28,0.029411765,-0.195121951
10/29/98,0.34375,0.028571429,-0.363636364
11/5/98,-0.11627907,0.166666667,-0.047619048
11/12/98,0.315789474,-0.142857143,-0.3
11/19/98,-0.2,0.166666667,0.285714286
11/25/98,0.2,-0.166666667,-0.055555556
12/3/98,0.020833333,-0.142857143,0.235294118
12/10/98,-0.102040816,0,0.238095238
12/17/98,-0.068181818,0.133333333,-0.038461538
12/23/98,-0.170731707,0,0.28
12/31/98,0.205882353,0.088235294,-0.3125
1/7/99,-0.073170732,0.054054054,0.045454545
1/14/99,0.342105263,-0.282051282,-0.086956522
1/21/99,0.098039216,-0.142857143,-0.047619048
1/28/99,-0.160714286,0.375,0
2/4/99,0.021276596,0.151515152,-0.3
2/11/99,0,-0.078947368,0.214285714
2/18/99,-0.229166667,0.114285714,0.411764706
2/25/99,0,0,0
3/4/99,-0.027027027,0.153846154,-0.208333333
3/11/99,0.027777778,-0.066666667,0.105263158
3/18/99,0.297297297,-0.261904762,0
3/25/99,-0.208333333,0.064516129,0.380952381
4/1/99,0.052631579,0.060606061,-0.137931034
4/8/99,-0.1,0.085714286,0.04
4/15/99,0.138888889,-0.184210526,0.076923077
4/22/99,-0.073170732,0.032258065,0.071428571
4/29/99,0.078947368,0,-0.1
5/6/99,0.317073171,0,-0.481481481
5/13/99,-0.203703704,-0.03125,0.857142857
5/20/99,0,0,0
5/27/99,-0.11627907,0.35483871,-0.230769231
6/3/99,-0.157894737,-0.142857143,0.6
6/10/99,0,0.111111111,-0.125
6/17/99,0.1875,-0.125,-0.035714286
6/24/99,-0.210526316,0.114285714,0.148148148
7/1/99,0.166666667,-0.025641026,-0.129032258
7/8/99,0.228571429,-0.052631579,-0.222222222
7/15/99,0.255813953,-0.222222222,-0.142857143
7/22/99,0.018518519,-0.178571429,0.222222222
7/29/99,-0.236363636,0.652173913,-0.090909091
8/5/99,-0.285714286,0.210526316,0.2
8/12/99,0,-0.130434783,0.25
8/19/99,0.033333333,0.15,-0.233333333
8/26/99,0.129032258,-0.130434783,0.086956522
9/2/99,0.257142857,-0.05,-0.28
9/9/99,-0.159090909,0,0.388888889
9/16/99,-0.027027027,0.131578947,-0.16
9/23/99,0,-0.162790698,0.333333333
9/30/99,-0.027777778,0.166666667,-0.178571429
10/7/99,-0.028571429,-0.095238095,0.217391304
10/14/99,0.235294118,0.026315789,-0.321428571
10/21/99,-0.095238095,-0.051282051,0.315789474
10/28/99,0,0.027027027,-0.04
11/4/99,0.131578947,-0.078947368,-0.083333333
11/11/99,0.11627907,-0.257142857,0.181818182
11/18/99,-0.041666667,0.230769231,-0.153846154
11/24/99,0.195652174,-0.125,-0.227272727
12/2/99,0.127272727,-0.107142857,-0.235294118
12/9/99,0,0.08,-0.153846154
12/16/99,-0.129032258,-0.037037037,0.818181818
12/23/99,-0.037037037,0.192307692,-0.15
12/30/99,0.153846154,-0.193548387,-0.117647059
1/6/00,0.25,-0.5336,-0.111333333
1/13/00,-0.209866667,0.905660377,0.389347337
1/20/00,-0.035774553,0.125112511,-0.035637149
1/27/00,-0.06020301,0.0372,0.140537514
2/3/00,-0.048230912,-0.057462399,0.199803633
2/10/00,-0.180982195,0.23690671,0.14198036
2/17/00,-0.348542762,0.603704929,-0.131494088
2/24/00,0.517418409,-0.43089934,0.280115512
3/2/00,-0.113823103,0.449800652,-0.248146955
3/8/00,0.590673575,-0.375,-0.285469353
3/16/00,-0.14280816,-0.0668,0.599880024
3/23/00,0.3142,-0.387483926,-0.250093738
3/30/00,-0.408157054,-0.22253324,1.5
4/6/00,0.178452044,2,-0.5834
4/13/00,0.131355008,-0.444344434,0.422467595
4/20/00,0.229122469,-0.258639309,-0.238947013
4/27/00,-0.038286521,0.761835397,-0.356097561
5/4/00,-0.432533855,0.257957834,1.395316804
5/11/00,-0.130822312,0.452185343,-0.264519839
5/18/00,0.167383394,-0.46752659,0.609851446
5/25/00,-0.010484557,0.214194645,-0.113404565
6/1/00,0.193298969,-0.270913546,0.027115859
6/8/00,0.476841853,-0.261641863,-0.384533333
6/15/00,-0.289080273,1.438231469,-0.187608319
6/22/00,-0.3904,-0.1112,1.133333333
7/6/00,1.103487064,-0.158415842,-0.60375
7/13/00,0.158645276,-0.465240642,0.261829653
7/20/00,0.025692308,0.422,-0.4
7/27/00,-0.357132143,0.741209564,0.666666667
8/3/00,-0.036397573,-0.063543349,0.1955
8/10/00,0.309927361,-0.010063255,-0.519866165
8/17/00,0.097597043,-0.364507697,0.633275261
8/23/00,-0.028460761,-0.121115174,0.230933333
8/31/00,-0.031374588,0.37649506,-0.235268631
9/7/00,0.118468146,0.102002267,-0.528045326
9/14/00,-0.34112,0.209804594,1.824729892
9/21/00,0.062408936,0.062623973,-0.203144921
9/28/00,0.218971429,0.066666667,-0.644266667
10/5/00,-0.213575848,-0.1935,2.869565217
10/12/00,-0.011444921,-0.168319901,0.228593568
10/19/00,0.179208876,-0.005963474,-0.229265216
10/26/00,0.311106566,-0.32695913,-0.265548282
11/2/00,-0.194851794,0.437883008,0.257938719
11/9/00,0.217981011,0.106935296,-0.620460585
11/16/00,-0.270919504,0.312565628,0.945157526
11/23/00,-0.203360244,-0.280533333,1.190161968
11/30/00,0.654889071,-0.150481838,-0.543412764
12/7/00,-0.221118835,-0.315445026,1.234553089
12/14/00,0.266893328,-0.509878904,-0.122416107
12/21/00,-0.478195236,1.312093628,0.563475069
12/28/00,0.285760206,0.57480315,-0.373899433
1/4/01,0.06475,0.190357143,-0.2478125
1/11/01,-0.161540268,-0.357035704,0.780639801
1/18/01,0.024642957,0.820811946,-0.430937937
1/25/01,0.345449576,-0.369041517,0.072160722
2/1/01,0.015640869,0.249796913,-0.264627151
2/8/01,0.1112,-0.025024374,-0.249089964
2/15/01,-0.452303816,0.594333333,0.505540166
2/22/01,-0.135064081,-0.266360025,0.775528979
3/1/01,0.745820669,-0.422342548,-0.124870466
3/8/01,-0.31164309,0.812037494,-0.063647128
3/15/01,-0.022763199,-0.108902804,0.149541574
3/22/01,-0.101261728,-0.236174763,0.298679868
3/29/01,0.340892729,0.4116,-0.418678526
4/5/01,-0.056644295,-0.259563616,0.41129326
4/12/01,-0.137734775,0.101798699,0.056014455
4/19/01,0.443894389,-0.131642932,-0.236128086
4/26/01,0.064,-0.1036,-0.00704
5/3/01,0.36433942,-0.336456939,-0.303254915
5/10/01,-0.160289718,0.942837929,-0.177613321
5/17/01,-0.02943934,0.017999308,0.058492688
5/24/01,0.195904173,-0.27133628,-0.11424017
5/31/01,-0.202746365,0.030331311,0.713857229
6/7/01,-0.137791287,0.445199275,-0.10640532
6/14/01,-0.282961222,0.487308054,-0.137093615
6/21/01,0.092428712,-0.087020649,0.05901044
6/28/01,-0.088508851,-0.152780983,0.41063009
7/5/01,0.341013825,0.109779352,-0.437253115
7/12/01,-0.379725086,-0.055964654,0.957883369
7/19/01,0.978630787,-0.095683827,-0.580253723
7/26/01,-0.4096,-0.069005175,1.503285151
8/2/01,0.231707317,-0.157813465,-0.045669291
8/9/01,-0.039053905,0.369636964,-0.23789879
8/16/01,0.013737836,-0.274966533,0.353302057
8/23/01,-0.026538679,0.273264402,-0.172533333
8/30/01,-0.088457077,0.325696056,-0.263293587
9/6/01,-0.034680242,-0.213301247,0.474628171
9/13/01,-0.120962426,0.01974416,0.087807772
9/20/01,0.165354331,-0.336787565,0.215980365
9/27/01,0.644465894,0.096628289,-0.501681991
10/4/01,0.002152221,-0.268466442,0.317281728
10/11/01,-0.075165951,0.25884162,-0.040997608
10/18/01,0.278446274,-0.254478827,-0.247239045
10/25/01,-0.077278732,0.44565811,-0.164694747
11/1/01,-0.373657838,0.19644881,0.888385269
11/8/01,-0.010857143,-0.271234607,0.269426943
11/15/01,0.312824957,-0.08102253,-0.212242969
11/22/01,0.283388339,-0.214049976,-0.249924992
11/29/01,0.188582205,-0.359928014,-0.2
12/6/01,-0.146401269,0.530459231,0.2245
12/13/01,0.037512673,0.503980404,-0.426704777
12/20/01,-0.145602606,-0.13232899,0.868233618
12/27/01,0.099695006,-0.278273111,0.026305757
1/3/02,-0.114057896,0.589076723,-0.092124814
1/10/02,0.072001565,-0.04705401,-0.103109656
1/17/02,-0.460668005,0.756547875,0.348083942
1/24/02,0.17394247,-0.152041066,0.035871404
1/31/02,0.310175843,-0.082732776,-0.257432212
2/7/02,-0.174917492,0.243871779,0.008798944
2/14/02,0.204266667,-0.021980798,-0.296554732
2/21/02,-0.19486271,-0.013691553,0.577805332
2/28/02,0.222222222,-0.078313253,-0.199607073
3/7/02,0.200045005,-0.115942029,-0.236622484
3/14/02,0.058503656,-0.066859531,-0.066237942
3/21/02,-0.05704163,0.222183948,-0.222451791
3/28/02,-0.038887845,-0.27903044,1.060230292
4/4/02,-0.208756841,0.535965598,-0.129836629
4/11/02,-0.303112648,-0.021124968,0.64673913
4/18/02,0.425026586,-0.048621945,-0.304830483
4/25/02,-0.087810945,0.093194862,0.006905481
5/2/02,-0.262885192,-0.009,0.428632662
5/9/02,0.119496855,-0.269677094,0.223822382
5/16/02,0.215796431,0.205872193,-0.306202501
5/23/02,-0.288121772,-0.045259238,0.430388693
5/29/02,0.079037801,-0.054305431,-0.006422925
6/6/02,0.16029724,-0.115799492,-0.021879662
6/13/02,-0.02958219,0.239684248,-0.144890696
6/20/02,0.436517913,-0.173082489,-0.235731272
6/27/02,-0.322467731,-0.19460973,0.789964994
7/3/02,-0.142395867,0.154280748,0.018687527
7/11/02,0.319653614,-0.146084337,-0.098336177
7/18/02,-0.2510699,-0.118165785,0.271587414
7/25/02,0.063238095,0.163,-0.091348837
8/1/02,0.225725546,0.470765262,-0.353398853
8/8/02,0.102016954,-0.329143525,0.245725142
8/15/02,0.006100796,-0.098474946,0.051855618
8/22/02,0.153440548,-0.194296762,-0.043499275
8/29/02,0.142857143,0.25794841,-0.266548762
9/5/02,-0.3704,-0.116833572,0.722356183
9/12/02,0.218551461,0.331533477,-0.2602
9/19/02,-0.119395203,-0.068532036,0.168964585
9/26/02,-0.274422735,0.23770135,0.088344126
10/3/02,0.436556508,-0.40555751,0.017637059
10/10/02,-0.180630503,-0.032544379,0.144497807
10/17/02,0.368110919,0.287461774,-0.279875935
10/24/02,0.129465417,0.0304038,-0.145426907
10/31/02,0.154553611,-0.050714615,-0.171657278
11/7/02,-0.028560326,0.150072851,-0.057981389
11/14/02,-0.027,-0.201013514,0.232142857
11/21/02,0.039260021,0.484672304,-0.341658958
11/28/02,0.009889241,-0.394090424,0.494613583
12/5/02,0.036819428,0.727967098,-0.446881855
12/12/02,-0.218360408,0.172390343,0.367705382
12/19/02,0.035766071,-0.21287703,0.242750621
12/26/02,-0.066728885,0.031687546,0.066666667
1/2/03,-0.18925,0.061785714,0.1825
1/9/03,0.174838113,-0.359233098,0.132663848
1/16/03,-0.234383202,1.187401575,-0.319412039
1/23/03,-0.142955091,-0.23638109,0.480287967
1/30/03,0.0212,-0.164047769,0.1086151
2/6/03,-0.104582844,0.933458647,-0.462920409
2/13/03,-0.041994751,-0.222243827,0.481913652
2/20/03,-0.038812785,-0.47375,0.519422572
2/27/03,0.236104513,0.274584323,-0.18552427
3/6/03,0.28093774,0.016399553,-0.164581124
3/13/03,0.02880288,-0.475980931,0.305661335
3/20/03,0.249927092,0.33310007,-0.259187245
3/27/03,-0.080261316,0.46351706,-0.141994751
4/3/03,-0.179350583,0.054878049,0.16977669
4/10/03,0.188871716,0.046242775,-0.195345188
4/17/03,0.203848154,-0.277868053,0.023074423
4/24/03,0.360691145,-0.189918992,-0.396442186
5/1/03,-0.229047619,0.428333333,0.353157895
5/8/03,0.087090797,0.120186698,-0.284325165
5/15/03,0.189204545,-0.273263889,-0.115217391
5/22/03,-0.387482083,0.240324892,1.185503686
5/29/03,0.634425377,-0.119414484,-0.598369871
6/5/03,-0.172764874,0.25984252,0.343596921
6/12/03,-0.038461538,-0.276736111,0.519270833
6/19/03,0.1282,-0.630820931,0.23071649
6/26/03,0.266264847,1.600780234,-0.761281337
7/3/03,-0.42349153,0.1765,3.117852975
7/10/03,0.050024284,0.091372716,-0.119297251
7/17/03,0.185476411,-0.214563863,-0.080759331
7/24/03,0.014436208,-0.140803173,0.073503675
7/31/03,-0.008846154,0.864396999,-0.473426801
8/7/03,-0.118160652,-0.316620241,1.010526316
8/14/03,0.112431243,0.170289855,-0.273175239
8/21/03,0.245253165,-0.283281734,-0.215254237
8/28/03,-0.099428208,0.113390929,0.22462203
9/4/03,0.098765432,0.033462658,-0.277336861
9/11/03,-0.066773676,0.145940873,0.064063453
9/18/03,0.079291366,-0.277231777,0.124426606
9/25/03,-0.087171315,0.155240793,0.138704742
10/2/03,-0.127094972,0.051005395,0.279444693
10/9/03,0.1516,-0.104526365,-0.186909345
10/16/03,0.04793331,0.347576863,-0.406371072
10/23/03,-0.125290023,0.181747873,0.208846991
10/30/03,0.09530125,-0.232984293,0.124775045
11/6/03,-0.00397855,0.098976109,-0.110933333
11/13/03,-0.073810351,0.250776398,-0.133773245
11/20/03,-0.001875117,-0.198944755,0.452216066
11/27/03,0.13432275,-0.268888028,-0.010491178
12/4/03,0.148890361,-0.140434552,-0.305542169
12/11/03,-0.203402047,0.459926017,0.460791117
12/18/03,0.089395585,-0.138091216,-0.078859857
12/26/03,0.088372093,-0.155316022,-0.110881898
1/1/04,-0.047466422,0.398491879,-0.218097448
1/8/04,0.076109598,-0.380754873,0.328635015
1/15/04,-0.012954139,0.58070998,-0.435510888
1/22/04,0.048574446,-0.276694915,0.326409496
1/29/04,-0.181700475,0.647920328,0.118568233
2/5/04,-0.104957806,-0.030572343,0.454666667
2/12/04,0.101944608,0.073340667,-0.329514207
2/19/04,0.006238859,-0.228561667,0.433356118
2/26/04,-0.263418955,0.235163862,0.455889366
3/4/04,0.15031265,0.403011832,-0.572879135
3/11/04,-0.136734267,-0.357015078,1.572852761
3/18/04,-0.065148946,0.394674086,-0.215499255
3/25/04,-0.184455959,-0.261043032,0.618161094
4/1/04,0.752541296,-0.135750096,-0.473820146
4/8/04,0.065434113,-0.065149487,-0.095493083
4/15/04,0.084552569,0.07398568,-0.321657622
4/22/04,-0.215686275,0.222222222,0.636363636
4/29/04,0,0.046909091,-0.057333333
5/6/04,-0.2204,0.177492185,0.27864215
5/13/04,-0.156233966,-0.301474926,0.601032448
5/20/04,0.11492855,-0.014780405,-0.078765546
5/27/04,-0.015271339,0.012001715,0.007
6/3/04,-0.076986984,0.714527742,-0.34980139
6/10/04,0.657965797,-0.284832016,-0.397098129
6/17/04,-0.25063337,0.052504318,0.781507283
6/24/04,0.362231345,-0.326878897,-0.17952364
7/1/04,0.009927318,0.329595319,-0.317157712
7/8/04,-0.032824293,-0.139347268,0.359771574
7/15/04,-0.140290381,0.233489561,0.104993
7/22/04,-0.246147351,0.398272884,0.005489865
7/29/04,-0.047885746,-0.258893281,0.511969761
8/5/04,-0.088529412,0.173666667,-0.061111111
8/12/04,0.244595031,-0.391366089,0.183431953
8/19/04,-0.09567021,0.410639291,-0.128
8/26/04,0.19065367,0.093284816,-0.271215596
9/2/04,-0.00048158,-0.086535552,0.113296617
9/9/04,0.216574319,-0.147399801,-0.160424028
9/16/04,-0.1,-0.116938617,0.339225589
9/23/04,0.126512651,-0.032116146,-0.157762414
9/30/04,-0.197851563,-0.107272727,0.466044776
10/7/04,0.386169954,0.189409369,-0.498345635
10/14/04,-0.21464957,0.158390411,0.432775241
10/21/04,-0.049876985,0.062823356,0.018413598
10/28/04,-0.004001883,-0.097357441,0.103268428
11/4/04,0.350508154,-0.229583975,-0.279546171
11/11/04,0.09380469,-0.2045,-0.055555556
11/18/04,0.0256,-0.153991201,0.039370079
11/24/04,-0.228081123,0.761515602,0.1942959
12/2/04,0.147130154,-0.247574863,-0.051865672
12/9/04,-0.095313601,0.312780269,-0.007083825
12/16/04,0.022979552,0.207514944,-0.239397543
12/23/04,0.146582905,-0.236562942,-0.052631579
12/30/04,-0.042669766,0.149606299,-0.03630363
1/6/05,-0.339229969,0.103142627,0.970319635
1/13/05,-0.107874016,-0.045288532,0.154982619
1/20/05,-0.009708738,0.249808722,-0.155756208
1/27/05,-0.214795009,0.136822773,0.082293523
2/3/05,0.57661748,-0.102584814,-0.313752402
2/10/05,0.049916007,0,-0.0832
2/17/05,-0.168914286,0.01320132,0.303228621
2/24/05,-0.124862486,0.076695292,0.065282893
3/3/05,0.241671904,-0.083333333,-0.146448774
3/10/05,0.256896988,-0.234923492,-0.085787923
3/17/05,-0.346153846,0.374901961,0.307692308
3/24/05,-0.284570373,-0.006274957,0.291653834
3/31/05,0.223848472,-0.409012629,0.215546018
4/7/05,-0.024270137,0.378824672,-0.139466457
4/14/05,-0.40591204,0.470940472,-0.048096649
4/21/05,1.235436893,-0.275383142,-0.212404215
4/28/05,-0.192453855,0.174487773,0.055335968
5/5/05,-0.039663866,-0.253517164,0.293575339
5/12/05,0.068253413,0.24839804,-0.190200445
5/19/05,0.275229358,-0.020833333,-0.212046205
5/26/05,0.134121274,0,-0.182547993
6/2/05,0.101268691,-0.015109467,-0.169940222
6/9/05,-0.054104094,0.079524108,0.005144033
6/16/05,0.045019574,-0.039443155,-0.036335722
6/23/05,-0.030385016,0.063707729,-0.034519384
6/30/05,-0.015024683,-0.300028385,0.619911991
7/7/05,-0.062741338,0.482526358,-0.306278438
7/14/05,0.345941019,-0.232202106,-0.312778694
7/21/05,-0.28865089,0.117563235,0.955128205
7/28/05,0.39679456,-0.208160663,-0.35701275
8/4/05,-0.168463143,0.050322061,0.478186969
8/11/05,-0.169140707,0.203909544,0.105787658
8/18/05,-0.262959235,-0.035339064,0.40034662
8/25/05,0.233868214,0.07359736,-0.22450495
9/1/05,-0.121195351,-0.059637258,0.201723588
9/8/05,0.332178841,-0.182739457,-0.131739708
9/15/05,0.215551879,-0.2,-0.126032426
9/22/05,-0.232549096,0.4035,0.136156808
9/29/05,-0.192297948,0.032775205,0.205483672
10/6/05,0.56838143,-0.221110728,-0.299258881
10/13/05,-0.2208,-0.424712135,0.752370532
10/20/05,0.106519507,0.613548884,-0.252237253
10/27/05,-0.256553004,0.039599237,0.28444197
11/3/05,0.340093604,0.353373107,-0.402816901
11/10/05,0.364842841,-0.376398779,-0.165820029
11/17/05,-0.085124531,0.336595976,-0.052196607
11/24/05,0.068991236,0.085028478,-0.265718219
12/1/05,-0.08477237,-0.097487814,0.46625
12/8/05,-0.057175529,0.312006647,-0.192242114
12/15/05,-0.067111381,0.004749842,0.167282322
12/22/05,-0.110942579,-0.030255279,0.275316456
12/29/05,-0.090909091,-0.148846279,0.294221907
1/5/06,-0.213136729,0.161893853,0.101615996
1/12/06,1.008858603,-0.278015117,-0.52560915
1/19/06,-0.151967436,0.10013655,0.353773585
1/26/06,-0.3846,0.485312371,0.290360046
2/2/06,0.452713682,-0.388022284,0
2/9/06,-0.100894855,0.14838416,0.03750375
2/16/06,-0.000248818,-0.044391597,0.032677848
2/23/06,0.075410652,0.177934467,-0.204704565
3/2/06,-0.052534136,0.053521127,0.025704225
3/9/06,0.006595017,-0.063502674,0.056299348
3/16/06,0.129580199,-0.261598858,0.064673383
3/23/06,-0.060150376,0.389560174,-0.160561661
3/30/06,-0.149485714,0.051478261,0.184
4/6/06,0.281107229,-0.038372478,-0.285626536
4/13/06,-0.04845815,-0.078087375,0.196904557
4/20/06,-0.256393298,-0.050746269,0.466594828
4/27/06,0.248443522,-0.137971698,-0.119275043
5/4/06,0.089764901,-0.062927497,-0.066740823
5/11/06,0.196339072,-0.141119221,-0.182061979
5/18/06,-0.282513661,-0.038526912,0.589799636
5/25/06,-0.161208429,0.262816735,0.043538038
6/1/06,-0.0687046,-0.102659823,0.097935881
6/8/06,-0.147546311,0.491939678,-0.0984
6/15/06,0.006862371,-0.351341931,0.219609583
6/22/06,0.302536918,0.289629232,-0.243361222
6/29/06,0.122093023,-0.098333333,-0.043990385
7/6/06,-0.023316062,-0.09103512,0.071662057
7/13/06,-0.031830239,0.224707677,-0.075082121
7/20/06,-0.346575342,-0.238273142,0.466260781
7/27/06,0.462473795,0.203814714,-0.255709343
8/3/06,-0.098050459,-0.033499321,0.09693166
8/10/06,0.163064209,0.028103044,-0.121424031
8/17/06,-0.165619022,0.534396355,-0.136758321
8/24/06,0.288896168,-0.310273159,0.045543448
8/31/06,0.056416773,0.402496771,-0.309460182
9/7/06,0.034159249,-0.168201351,0.15750774
9/14/06,0.115375669,-0.494464945,0.282514209
9/21/06,-0.004171011,0.315328467,-0.107664234
9/28/06,0.074764398,-0.123751387,-0.039146947
10/5/06,-0.263834762,-0.014566181,0.418972332
10/12/06,0.29645315,-0.147172237,-0.190914935
10/19/06,0.106574112,0.207987943,-0.211599576
10/26/06,-0.037453875,0.084840923,0.02216997
11/2/06,-0.161395438,0.114433583,0.21196188
11/9/06,0.156571429,0.181114551,-0.281182213
11/16/06,-0.079841897,0.000436872,0.15164089
11/23/06,-0.099226804,-0.295633188,0.373730757
11/30/06,-0.041010968,-0.238065716,0.132331903
12/7/06,-0.031824963,0.584214809,-0.124236681
12/14/06,0.061376477,0.061633282,-0.086318827
12/21/06,-0.054439874,-0.11030479,0.119210526
12/28/06,0.177072671,-0.021207178,-0.153538679
1/4/07,0.06826087,0.197222222,-0.185833333
1/11/07,-0.095645096,-0.011600928,0.16888434
1/18/07,0.300180018,-0.288732394,-0.204028021
1/25/07,-0.316199377,0.792739274,0.222222222
2/1/07,0.172361427,-0.147275405,-0.084008401
2/8/07,-0.003670121,0.029792746,-0.017359974
2/15/07,0.030769231,-0.104402516,0.035666667
2/22/07,0.132015976,0.116573034,-0.281943997
3/1/07,-0.319777159,-0.003773585,0.774988794
3/8/07,-0.022659023,-0.186868687,0.133585859
3/15/07,-0.07849162,0.120600414,0.010470038
3/22/07,0.33010003,0.063279446,-0.270502646
3/29/07,-0.027347311,0.377497828,-0.226050166
4/5/07,-0.244142455,-0.118259224,0.553299492
4/12/07,0.266274024,-0.244277539,-0.043991956
4/19/07,0.149082007,0.110743019,-0.221930055
4/26/07,-0.164039199,-0.029399233,0.283203785
5/3/07,-0.271916412,-0.247585601,0.42981301
5/10/07,0.500175009,-0.166277713,-0.21053601
5/17/07,-0.104293047,0.749475157,-0.145823612
5/24/07,-0.027090388,-0.036,0.052990986
5/31/07,-0.107630522,-0.092116183,0.161867704
6/7/07,0.217821782,-0.230804388,-0.049564635
6/14/07,-0.081054447,0.131907308,0.025369979
6/21/07,0.157104558,0.215748031,-0.228407789
6/28/07,-0.09592215,0.088082902,0.062054632
7/5/07,0.123526397,-0.075793651,-0.080793961
7/12/07,-0.004562044,0.13181623,-0.087591241
7/19/07,-0.042850596,-0.183611533,0.223666667
7/26/07,0.05841513,-0.119423792,0.003541269
8/2/07,0.037774259,-0.254881266,0.08577633
8/9/07,-0.002615519,0.080028329,-0.0255
8/16/07,-0.07736014,-0.198688525,0.168804515
8/23/07,-0.02226433,0.276595745,-0.053555751
8/30/07,-0.02374031,-0.139102564,0.073051948
9/6/07,-0.04764268,0.428890544,-0.083207262
9/13/07,0.042209484,0.287649818,-0.168081094
9/20/07,-0.019,0.178065561,-0.103145367
9/27/07,0.258154944,-0.434558571,0.079936809
10/4/07,0.049422726,0.390643985,-0.259801053
10/11/07,0.05462266,-0.144167759,0.018577075
10/18/07,-0.232064422,0.139356815,0.385719829
10/25/07,-0.255243089,-0.079749104,0.350042005
11/1/07,0.43072,-0.083739046,-0.243517942
11/8/07,-0.190561396,-0.34218916,0.410200165
11/15/07,-0.087869577,0.411954766,-0.037332296
11/22/07,-0.225083308,0.241990847,0.064633407
11/29/07,0.116888194,-0.294795025,0.064693607
12/6/07,0.422821141,0.274330503,-0.290092659
12/13/07,0.171463715,-0.145566376,-0.103664659
12/20/07,-0.247165057,0.018596281,0.32091851
12/27/07,-0.163179916,0.177856302,0.05999576
1/3/08,-0.143,-0.0475,0.1048
1/10/08,-0.236483858,0.128608924,0.06589428
1/17/08,0.237901172,-0.009302326,-0.075407609
1/24/08,0.034567901,-0.255868545,0.084129317
1/31/08,0.196499602,0.32807571,-0.171975601
2/7/08,0.133976064,-0.112114014,-0.034172294
2/14/08,-0.022867194,0.327447833,-0.113135593
2/21/08,-0.00450045,-0.108424023,0.067845198
2/28/08,0.034056661,-0.075949367,0.012527964
3/6/08,-0.359370446,0.290117417,0.141184269
3/13/08,-0.070973612,-0.225635192,0.145208132
3/20/08,0.234573947,0.004407444,-0.082502113
3/27/08,0.650138834,0.20916626,-0.380873411
4/3/08,-0.117788462,-0.034677419,0.171428571
4/10/08,0.246866485,-0.29197995,-0.052591463
4/17/08,-0.33631993,0.23539823,0.305711987
4/24/08,0.536713862,0.233524355,-0.4352023
5/1/08,0.141847011,-0.21060782,-0.042909091
5/8/08,-0.009007318,0.10201079,-0.060790274
5/15/08,-0.144858928,0.119715176,0.200647249
5/22/08,0.025243578,-0.227344992,0.154312668
5/29/08,-0.322678186,0.176954733,0.335668418
6/5/08,0.386479592,-0.192307692,-0.168706294
6/12/08,-0.281278749,-0.178571429,0.408254469
6/19/08,0.05536,0.401844532,-0.146163898
6/26/08,-0.052456034,-0.22556391,0.142763446
7/3/08,-0.23424,0.452063107,-0.002487086
7/10/08,-0.073547848,-0.053071458,0.058112773
7/17/08,0.127649977,-0.255957635,0.053833605
7/24/08,0.4328,0.194543298,-0.242690058
7/31/08,0.116694584,-0.065541212,-0.064728594
8/7/08,-0.10975,0.167375133,0.030111705
8/14/08,0.203594496,-0.172507965,-0.081565299
8/21/08,-0.111059263,0.353135314,-0.042607803
8/28/08,-0.194750656,-0.030081301,0.21849866
9/4/08,0.207301173,-0.17225482,-0.049284928
9/11/08,-0.209773218,-0.197468354,0.270076371
9/18/08,-0.070379228,0.158990536,-0.008381924
9/25/08,0.251010658,0.10016331,-0.159500184
10/2/08,-0.020857814,-0.422563088,0.202448623
10/9/08,-0.055805581,-0.341045416,0.106181818
10/16/08,0.300921513,1.509752926,-0.346318212
10/23/08,-0.053737176,0.166839378,-0.025898919
10/30/08,-0.041300981,-0.010213144,0.047237997
11/6/08,0.207054389,-0.020188425,-0.178456988
11/13/08,-0.144992193,-0.122252747,0.275127513
11/20/08,-0.364205583,-0.035472092,0.344470588
11/27/08,0.282314321,0.290427258,-0.214385719
12/4/08,-0.14656,0.071248952,0.064379595
12/11/08,0.406074241,-0.113458529,-0.166178317
12/18/08,0.059466667,0.088261253,-0.105923695
12/25/08,-0.271331488,0.102595296,0.231330713
1/1/09,-0.170984456,-0.215520412,0.246466028
1/8/09,1.029166667,-0.239099859,-0.35869764
1/15/09,-0.432648871,0.540357363,0.351112379
1/22/09,-0.015200869,0.0588,-0.022165928
1/29/09,-0.071297317,0.037778617,0.02007772
2/5/09,-0.025326474,0.140880961,-0.068148148
2/12/09,0.336175396,-0.111359285,-0.108789462
2/19/09,-0.342449104,-0.222980251,0.445463812
2/26/09,0.122920518,-0.049907579,-0.027856135
3/5/09,-0.221399177,-0.47422179,0.274392456
3/12/09,0.460887949,0.654949121,-0.224847019
3/19/09,0.63024602,-0.068194522,-0.297411419
3/26/09,-0.131602308,0.108578284,0.107656128
4/2/09,0.090212113,0.097402597,-0.125737202
4/9/09,-0.162916081,-0.013806706,0.195089045
4/16/09,0.236068328,0,-0.190336419
4/23/09,-0.279111917,0.4775,0.077523703
4/30/09,0.134192332,-0.313028765,0.128623188
5/7/09,0.221668052,0.112315271,-0.235725751
5/14/09,-0.006350646,-0.072187777,0.057305731
5/21/09,-0.230312714,-0.000954654,0.286889898
5/28/09,0.197212337,-0.473960822,0.072105843
6/4/09,0.178102551,0.439600363,-0.247429042
6/11/09,-0.174726661,0.356466877,0.072697458
6/18/09,-0.150828025,-0.058604651,0.182929936
6/25/09,-0.159915992,0.146245059,0.051044583
7/2/09,0.351428571,-0.242672414,-0.086270492
7/9/09,-0.262420719,-0.007398976,0.225611124
7/16/09,0.027588678,0.391055046,-0.138883806
7/23/09,0.311018131,-0.175597692,-0.099022524
7/30/09,0.267819149,0.0465,-0.259433962
8/6/09,0.048877701,-0.2909699,0.119745223
8/13/09,0.02,0.078167116,-0.061433447
8/20/09,-0.331960784,0.620625,0.212121212
8/27/09,-0.00264162,-0.325877362,0.2135
9/3/09,0.117422013,0.375858124,-0.21775855
9/10/09,-0.016855412,-0.223700624,0.158809587
9/17/09,0.12885079,-0.04338511,-0.090909091
9/24/09,-0.072377788,-0.083986562,0.11375
10/1/09,0.114095677,0.281784841,-0.20359147
10/8/09,-0.194259472,0.129232237,0.162063134
10/15/09,0.347962382,-0.201013514,-0.18069367
10/22/09,-0.144186047,0.25845666,0.057134399
10/29/09,-0.168725296,0.009659807,0.184822179
11/5/09,-0.339673105,-0.075707155,0.313164736
11/12/09,0.737173717,0.02610261,-0.30525558
11/19/09,0.106994819,0.11622807,-0.175647668
11/26/09,-0.025040955,-0.345383104,0.309239472
12/3/09,-0.001920307,0.485594238,-0.192030725
12/10/09,0.026455026,-0.113131313,0.050802139
12/17/09,-0.013355201,0.342596811,-0.196494204
12/24/09,-0.105200665,-0.163895487,0.325826882
12/31/09,0.305201699,0.131087662,-0.390923567
1/7/10,-0.166327776,0.184068891,0.132897603
1/14/10,0.157073171,-0.223030303,0.035384615
1/21/10,-0.15682968,-0.014820593,0.290490342
1/28/10,-0.125,0.121536025,0.055555556
2/4/10,-0.164857143,-0.022590893,0.174802291
2/11/10,0.257269928,-0.228241242,-0.027855153
2/18/10,-0.024489796,0.353766963,-0.159025788
2/25/10,-0.026778243,0.22951953,-0.161555934
3/4/10,0.027801662,0.066348046,-0.112428039
3/11/10,0.262967094,-0.224624308,-0.035101106
3/18/10,-0.219032899,0.181910915,0.181494662
3/25/10,-0.084252191,-0.052071346,0.159973226
4/1/10,0.275084903,-0.164188164,-0.100980958
4/8/10,0.037772397,-0.027233115,-0.025673941
4/15/10,0.131124592,-0.185516984,-0.02173913
4/22/10,-0.21369637,0.265811182,0.153198653
4/29/10,0.084994753,0.086169442,-0.16379562
5/6/10,-0.053916828,0.076666667,-0.002444134
5/13/10,-0.064656274,-0.170278638,0.281064053
5/20/10,0.128415301,-0.067164179,-0.079234973
5/27/10,-0.277723971,-0.228,0.509792285
6/3/10,0.243379149,0.143523316,-0.197130503
6/10/10,-0.070369372,0.015405528,0.055079559
6/17/10,0.231148492,0.199910754,-0.28863109
6/24/10,-0.188221437,0.231312756,0.057729941
7/1/10,-0.283807313,0.006644518,0.294788776
7/8/10,-0.151539708,-0.340234023,0.359133127
7/15/10,0.880133715,0.038653934,-0.337655511
7/22/10,-0.183134366,-0.001313485,0.191269841
7/29/10,0.243781095,0.169224025,-0.259826782
8/5/10,-0.24025,0.176227972,0.147314731
8/12/10,0.308325107,-0.039846988,-0.212343096
8/19/10,-0.242706237,-0.089641434,0.41002656
8/26/10,-0.311192295,0.08643326,0.164822227
9/2/10,0.485053038,-0.093655589,-0.146755609
9/9/10,0.424350649,-0.092222222,-0.251125326
9/16/10,0.160018236,0.013871889,-0.232521354
9/23/10,-0.116329338,0.192354125,0.046990932
9/30/10,-0.054258394,-0.12723591,0.244488189
10/7/10,0.152833294,-0.101701469,-0.122429611
10/14/10,-0.039363655,0.123116659,-0.033525595
10/21/10,0.053503185,-0.034495975,-0.060425214
10/28/10,0.032446594,0.078205637,-0.142516872
11/4/10,-0.058559438,-0.190353461,0.379166667
11/11/10,0.193448061,-0.365620737,-0.043638805
11/18/10,-0.305072967,0.971326165,0.140751141
11/25/10,0.185,0.015272727,-0.240615385
12/2/10,0.047679325,-0.135386819,0.061993517
12/9/10,0.068264197,0.010356255,-0.139259824
12/16/10,-0.053157399,-0.072570726,0.203457447
12/23/10,0.259804897,-0.102122016,-0.395948435
12/30/10,-0.184418458,0.395371738,0.222560976
1/6/11,0.082735904,-0.087508821,-0.089775561
1/13/11,-0.063350036,-0.063418407,0.284383562
1/20/11,-0.030378296,-0.16804294,0.241467577
1/27/11,-0.171625616,0.174689826,0.178350515
2/3/11,0.225975262,-0.087874947,-0.216389618
2/10/11,-0.041521149,0.097267253,0.001488649
2/17/11,-0.05708502,0.17560152,-0.049795615
2/24/11,-0.213610992,-0.022262118,0.413375049
3/3/11,0.004368004,0.103562248,-0.082457111
3/10/11,-0.022288665,0.055241265,-0.025331725
3/17/11,-0.20795107,-0.010091454,0.241336634
3/24/11,0.324675325,-0.131251991,-0.128364905
3/31/11,0.107843137,-0.00550055,-0.111524164
4/7/11,0.042573547,0.016224189,-0.071451561
4/14/11,-0.030740996,-0.029027576,0.074176776
4/21/11,-0.238816568,0.376681614,0
4/28/11,0.178482587,-0.14630836,-0.010971281
5/5/11,-0.064379947,0.038791733,0.039804241
5/12/11,-0.132261703,0.032445669,0.11390022
5/19/11,-0.132596685,-0.050696709,0.163098592
5/26/11,-0.040464593,0.029668957,0.003148462
6/2/11,0.17844592,0.103730664,-0.19290198
6/9/11,-0.190854871,-0.233031052,0.425964702
6/16/11,0.187551188,0.012182014,-0.103209566
6/23/11,0.291724138,-0.051327434,-0.163976608
6/30/11,0.02269087,0.175,-0.155288193
7/7/11,0.090315844,0.065100032,-0.182510765
7/14/11,-0.058893943,-0.062313655,0.185170178
7/21/11,0.013991351,-0.06073132,0.046495726
7/28/11,-0.050677371,0.040622884,0.026461941
8/4/11,-0.282241015,-0.252114509,0.586569064
8/11/11,0.230854197,-0.052196607,-0.101705115
8/18/11,0.063715226,0.12987609,-0.110763734
8/25/11,0.024746907,-0.082047116,0.02862883
9/1/11,0.059824369,0.284955752,-0.210449219
9/8/11,-0.217503884,0.01584022,0.245825603
9/15/11,0.009265387,-0.045762712,0.026309258
9/22/11,-0.169508197,-0.052575488,0.160822249
9/29/11,0.28345835,-0.224596925,-0.025208333
10/6/11,0.083666564,-0.079303675,-0.023081855
10/13/11,0.128867443,0.253151261,-0.204550427
10/20/11,-0.095297963,0.232606873,-0.04840484
10/27/11,0.195108394,0.088065284,-0.277456647
11/3/11,-0.065581395,-0.05625,0.1848
11/10/11,0.113240418,0.016556291,-0.17083052
11/17/11,-0.062597809,-0.12019544,0.263843648
11/24/11,-0.219890293,0.074046649,0.232925258
12/1/11,0.010088658,-0.051016891,0.030049647
12/8/11,0.167372881,-0.031601889,-0.118214105
12/15/11,0.041742287,-0.018754689,-0.032220944
12/22/11,-0.160652066,0.454090214,-0.160671819
12/29/11,0.203854707,-0.248928731,0.091800956
1/5/12,0.203940887,0.188309415,-0.44334512
1/12/12,0.005319149,-0.007952872,0.001165501
1/19/12,-0.038868539,-0.134501188,0.37427241
1/26/12,0.024717341,0.121509434,-0.199068191
2/2/12,-0.094868733,-0.048176924,0.32601798
2/9/12,0.178902433,-0.09473921,-0.194935194
2/16/12,-0.172917917,0.088182044,0.31931441
2/23/12,0.022850186,-0.060385607,0.032853978
3/1/12,0.018837694,-0.004999653,-0.024683728
3/8/12,-0.047919662,-0.001186405,0.080770808
3/15/12,0.076162722,-0.049863751,-0.062053387
3/22/12,-0.07066067,0.095768972,0.022719668
3/29/12,0.002026703,0.07545644,-0.083934337
4/5/12,-0.101146692,0.061619345,0.091083203
4/12/12,-0.262894146,-0.109387537,0.494863457
4/19/12,0.108044139,0.154374154,-0.185716967
4/26/12,-0.113423587,-0.000620337,0.105143867
5/3/12,0.280700231,0.033527559,-0.238812356
5/10/12,-0.282606669,-0.09940661,0.477612832
5/17/12,-0.071453884,-0.064287624,0.092873869
5/24/12,0.29203082,0.013518218,-0.158759716
5/31/12,-0.08051515,-0.029109445,0.086662409
6/7/12,-0.020153058,-0.105593586,0.088719829
6/14/12,0.239849186,0.126057006,-0.217743205
6/21/12,-0.033632926,0.034922487,0.002539851
6/28/12,-0.128350522,-0.136625338,0.236569269
7/5/12,0.138515953,0.262123319,-0.248793065
7/12/12,-0.073985907,0.029920658,0.041905191
7/19/12,-0.265841966,0.027815979,0.203301782
7/26/12,0.267012168,-0.201789963,0.032170523
8/2/12,0.082973502,0.204246366,-0.190248313
8/9/12,0.197807395,0.044751335,-0.216819278
8/16/12,0.010186287,-0.030096886,0.02622391
8/23/12,0.138860163,-0.083217196,-0.078235994
8/30/12,-0.172453406,0.01464508,0.26145064
9/6/12,-0.047931871,0.038156923,0.012837442
9/13/12,0.102861948,-0.098237237,-0.002171947
9/20/12,0.028572369,-0.060198458,0.024182913
9/27/12,-0.037304,-0.044553249,0.079277642
10/4/12,-0.062056281,0.199534931,-0.088703064
10/11/12,-0.097023697,-0.070975407,0.169168588
10/18/12,-0.062635116,-0.12376576,0.146706857
10/25/12,0.02040795,0.032909937,-0.032919326
11/1/12,0.221998065,-0.15879377,-0.0487027
11/8/12,0.077229368,-0.072276373,-0.026291004
11/15/12,-0.251292934,0.035038572,0.223459571
11/22/12,0.242583309,0.047036402,-0.164744437
11/28/12,0.14270318,0.055805984,-0.157361066
12/6/12,0.031656673,-0.062151968,0.006993007
12/13/12,0.023942381,0.151765295,-0.13085495
12/20/12,0.073251745,0.078987101,-0.17540033
12/27/12,-0.043038793,-0.118989583,0.218705645
1/3/13,-0.128218814,-0.01117325,0.197750787
1/10/13,0.199949883,0.061284357,-0.256282337
1/17/13,-0.053950833,0.079062012,0.014886844
1/24/13,0.191051277,-0.185873787,-0.11180322
1/31/13,-0.082051311,0.18219205,0.001347398
2/7/13,-0.109843542,0.000701536,0.216363464
2/14/13,-0.012013852,0.0484624,-0.027987429
2/21/13,-0.011071272,-0.11373091,0.131127229
2/28/13,-0.320552246,0.361724799,0.125941538
3/7/13,0.093856547,-0.130826655,0.052365063
3/14/13,0.462524029,-0.259071852,-0.168252864
3/21/13,-0.142582563,0.229392461,0.040689978
3/28/13,-0.014084362,0.188599276,-0.14040014
4/4/13,-0.075592389,0.10277895,-0.016902067
4/11/13,-0.455940608,-0.278801805,0.934140367
4/18/13,0.390413406,-0.048666573,-0.114964723
4/25/13,0.053640132,0.319403165,-0.195013605
5/2/13,0.095314516,0.006198567,-0.074719573
5/9/13,0.316540749,-0.040170883,-0.236073562
5/16/13,-0.056586476,0.012833265,0.069275571
5/23/13,0.272484917,-0.084676179,-0.264582872
5/30/13,-0.265540323,0.167570394,0.373992482
6/6/13,-0.180566831,-0.081672357,0.313824243
6/13/13,0.118726186,0.027027541,-0.11176099
6/20/13,0.135874807,0.004683588,-0.13389662
6/27/13,-0.191652516,0.060529151,0.173740509
7/4/13,0.387039557,-0.011369753,-0.322018187
7/11/13,0.165344618,-0.040911845,-0.232580085
7/18/13,-0.024542159,-0.053576878,0.161575919
7/25/13,-0.054831655,0.042330823,0.061375527
8/1/13,-0.210590942,0.218431343,0.108210063
8/8/13,0.108994733,-0.140357915,0.065832
8/15/13,-0.126369676,0.102437396,0.057164731
8/22/13,-0.160822442,-0.244845796,0.521427811
8/29/13,0.158262972,0.267125062,-0.282608949
9/5/13,0.059319507,-0.069840372,0.016415517
9/12/13,0.281030115,-0.099930765,-0.2132896
9/19/13,-0.008836647,-0.157600425,0.208035892
9/26/13,-0.200794453,0.323380181,0.030741569
10/3/13,0.049464143,-0.037161037,-0.017790293
10/10/13,0.092251664,-0.21817689,0.116793492
10/17/13,0.11976994,0.147866078,-0.257902934
10/24/13,0.063161352,0.153604189,-0.294842109
10/31/13,-0.086072929,0.009937761,0.222207046
11/7/13,0.011486354,-0.025231695,0.015384257
11/14/13,-0.138192595,0.019045989,0.259651762
11/21/13,-0.122569041,0.083817084,0.073198612
11/28/13,0.375322376,-0.323379614,-0.041581015
12/5/13,-0.098518866,0.219555399,-0.025015927
12/12/13,-0.032278414,0.131614522,-0.092466748
12/19/13,0.150066279,-0.186077326,0.003388
12/26/13,0.160113449,-0.03835368,-0.260931963
1/2/14,-0.217356083,0.046878373,0.578716564
1/9/14,0.012244311,0.135325208,-0.145833547
1/16/14,-0.106036637,0.259360163,-0.140584
1/23/14,-0.022360997,-0.035483585,0.105857931
1/30/14,-0.155723621,-0.080340818,0.378740562
2/6/14,-0.133231212,0.01825287,0.11136007
2/13/14,0.439195584,-0.089224986,-0.249040009
2/20/14,0.051116126,0.076515657,-0.166054009
2/27/14,-0.059462085,0.119294286,-0.073070175
3/6/14,0.020639596,-0.161175537,0.260002839
3/13/14,0.020511036,-0.030966611,0.00701118
3/20/14,-0.110283304,0.164095768,-0.024843748
3/27/14,-0.152796507,0.085181688,0.094170421
4/3/14,0.134640502,-0.05890381,-0.06382659
4/10/14,-0.194594579,-0.011620013,0.273291346
4/17/14,-0.04423601,0.029796457,0.004245587
4/24/14,0.267692002,0.024436768,-0.240210448
5/1/14,-0.137072536,0.03300932,0.131666116
5/8/14,-0.048015853,0.054366832,-0.026737024
5/15/14,0.168540674,0.029629991,-0.211109328
5/22/14,-0.081102624,-0.024844412,0.167436924
5/29/14,0.198105458,-0.065701902,-0.120962212
6/5/14,0.083427261,-0.051074222,-0.042328179
6/12/14,0.131151566,-0.109979724,-0.043749044
6/19/14,-0.212880559,0.194794862,0.135430588
6/26/14,0.058178675,0.02431587,-0.125833579
7/3/14,0.034569381,-0.061956519,0.061459904
7/10/14,-0.022517691,-0.138004577,0.27977363
7/17/14,-0.14021902,0.161703933,-0.006027566
7/24/14,-0.084446504,0.032521592,0.051241265
7/31/14,0.05038205,-0.066209769,0.039551344
8/7/14,-0.007566897,-0.181914496,0.228256818
8/14/14,0.288957454,0.075821789,-0.294747334
8/21/14,0.158141159,-0.089961118,-0.122648298
8/28/14,0.126123996,-0.046075497,-0.186951173
9/4/14,-0.139600679,0.087176127,0.246152006
9/11/14,-0.09602772,0.052673871,0.110083665
9/18/14,0.045844208,0.053609509,-0.136122033
9/25/14,-0.00945402,-0.139454785,0.228441261
10/2/14,-0.153453786,0.125237204,0.094629011
10/9/14,0.125946234,-0.134780853,0.002549931
10/16/14,0.069856786,-0.188730007,0.08760361
10/23/14,0.164650868,0.176436998,-0.332259012
10/30/14,-0.006367799,0.062820674,-0.063591111
11/6/14,0.067187079,0.091286447,-0.285506806
11/13/14,0.099506151,-0.294484176,0.282752528
11/20/14,-0.152136162,0.188948354,0.233719828
11/27/14,0.06163982,0.000144131,-0.127244108
12/4/14,-0.181558418,0.159559098,0.247656562
12/11/14,0.054815384,0.040317646,-0.138951637
12/18/14,-0.139546662,0.05334191,0.203283371
12/25/14,0.315170697,-0.122099955,-0.298003907
1/1/15,0.015587888,-0.040783472,0.02316633
1/8/15,-0.207398889,0.080721747,0.434747475
1/15/15,0.124336702,0.03527081,-0.223934753
1/22/15,-0.194400283,-0.010349149,0.432578285
1/29/15,0.189239397,0.042793207,-0.272818791
2/5/15,-0.196435282,-0.040486787,0.447942624
2/12/15,0.126922459,0.236588232,-0.37304461
2/19/15,0.1754975,-0.115264884,-0.120381348
2/26/15,-0.035023469,-0.021963401,0.135212071
3/5/15,-0.122770981,0.073225085,0.150592408
3/12/15,-0.206179998,0.167053452,0.087855861
3/19/15,-0.140384415,-0.038112227,0.239077899
3/26/15,0.414915042,-0.10077615,-0.225570573
4/2/15,-0.078964762,-0.122185743,0.310850608
4/9/15,-0.189110388,0.444360718,-0.244471006
4/16/15,0.117272208,-0.042519394,-0.05636591
4/23/15,-0.018632572,0.004294792,0.017713563
4/30/15,-0.020139816,0.041262329,-0.053354263
5/7/15,-0.122579955,-0.02348107,0.222703087
5/14/15,-0.011535206,0.017250168,-0.018003115
5/21/15,-0.057294666,0.061598066,-0.051470979
5/28/15,0.070998219,-0.038756249,0.005588
6/4/15,0.012517638,0.003575122,-0.020254816
6/11/15,-0.267096807,-0.013560388,0.322924829
6/18/15,0.26803743,-0.149602244,0.052694089
6/25/15,0.399369497,0.061736791,-0.368341725
7/2/15,-0.364035482,-0.01116467,0.619429816
7/9/15,0.234162241,0.014593312,-0.168497793
7/16/15,0.104052747,0.07056329,-0.203331562
7/23/15,0.056123178,-0.088710853,0.101397398
7/30/15,-0.351398279,-0.087867208,0.589980469
8/6/15,0.152244676,0.15276374,-0.222273269
8/13/15,0.252200981,-0.241370851,0.141934281
8/20/15,-0.119270062,0.193057834,-0.077899157
8/27/15,0.21178677,-0.266418549,0.148077148
9/3/15,-0.00356,0.229631074,-0.172373606
9/10/15,0.069959826,-0.155857452,0.105340263
9/17/15,-0.039982799,0.239351902,-0.167865406
9/24/15,-0.034409055,0.042097369,-0.01504864
10/1/15,-0.124969256,-0.184010738,0.391189037
10/8/15,0.335086227,0.072245712,-0.293798615
10/15/15,-0.09173378,0.130952555,-0.037161455
10/22/15,0.02006948,0.062807701,-0.114928766
10/29/15,0.161843892,-0.053172826,-0.142993914
11/5/15,-0.034467051,0.086633384,-0.09656988
11/12/15,-0.121223077,0.007617925,0.236811828
11/19/15,-0.102213741,-0.094602439,0.327967763
11/26/15,0.051704302,0.075605008,-0.14780602
12/3/15,-0.08859676,0.185142456,-0.185752532
12/10/15,-0.033479017,-0.156150626,0.409794228
12/17/15,-0.162753414,-0.116680926,0.317696779
12/24/15,0.105341004,0.146176491,-0.200274254
12/31/15,-0.049563312,0.218036974,-0.250139714
1/7/16,-0.115622844,-0.228928906,0.62018107
1/14/16,-0.192798741,-0.075553769,0.189864849
1/21/16,0.202371109,-0.185980386,0.069855663
1/28/16,0.38253334,0.01706887,-0.179460225
2/4/16,-0.074152621,0.246158571,-0.131310553
2/11/16,-0.301616861,-0.150300245,0.402696085
2/18/16,0.432570107,0.080239271,-0.22372447
2/25/16,0.131862629,0.079467273,-0.168948697
3/3/16,0.026321779,0.035994159,-0.068974627
3/10/16,0.166848868,-0.012040728,-0.166686041
3/17/16,-0.198056085,0.128381345,0.101991499
3/24/16,0.127578967,-0.015659375,-0.117124295
3/31/16,-0.195386137,0.107120003,0.086321773
4/7/16,0.184371148,-0.015125758,-0.166898287
4/14/16,-0.134931877,0.019643127,0.159977075
4/21/16,0.199550418,-0.097021842,-0.039048786
4/28/16,-0.180777244,0.031882435,0.195565662
5/5/16,-0.184029262,0.074880374,0.060802495
5/12/16,-0.086067684,0.020477455,0.031400998
5/19/16,-0.052420106,-0.035909423,0.089612527
5/26/16,-0.082059529,0.13518981,-0.138080811
6/2/16,0.699439484,-0.22848846,-0.011511266
6/9/16,-0.077430754,0.087158337,-0.041947932
6/16/16,-0.089268712,-0.162028663,0.347384457
6/23/16,-0.133249432,0.152080059,-0.060605333
6/30/16,0.31601706,-0.120019625,-0.051252864
7/7/16,0.074182447,0.122787781,-0.202556415
7/14/16,0.187044592,-0.084675827,-0.083595978
7/21/16,-0.039095219,-0.02209782,0.094030462
7/28/16,-0.117857113,0.065688706,0.063190946
8/4/16,-0.0468096,0.076815341,-0.057590702
8/11/16,0.050535129,-0.034291213,-0.000582677
8/18/16,0.136531118,-0.092366884,-0.014859441
8/25/16,-0.172658998,0.075190478,0.124344646
9/1/16,-0.02801426,-0.026092989,0.063517503
9/8/16,0.040097902,0.047710058,-0.096414975
9/15/16,-0.060809902,-0.134785814,0.261198694
9/22/16,-0.111386325,0.020726636,0.065781928
9/29/16,-0.03327157,0.05415684,-0.030614031
10/6/16,0.199775,0.113520825,-0.248154865
10/13/16,-0.11540011,-0.057771178,0.208753557
10/20/16,-0.068004884,-0.057754663,0.121231439
10/27/16,0.042772594,0.071038408,-0.099074179
11/3/16,-0.045182974,0.021104271,0.007326394
11/10/16,0.645297084,-0.244204493,-0.145255287
11/17/16,0.1996508,-0.157436953,-0.094135334
11/24/16,0.069463766,0.046711834,-0.169023784
12/1/16,-0.122634476,0.110577867,0.13675744
12/8/16,-0.01494,-0.02359556,0.055309876
12/15/16,0.035629889,-0.242723782,0.220475146
12/22/16,-0.001144265,0.140151301,-0.098187993
12/29/16,0.021593314,0.093482627,-0.117172306
1/5/17,0.013846951,-0.004203262,-0.019830292
1/12/17,-0.055501444,0.028787529,0.06903837
1/19/17,-0.151902998,0.031336434,0.211626381
1/26/17,-0.146698408,0.152175491,0.024959299
2/2/17,0.038611225,-0.054417348,0.020347657
2/9/17,0.091599539,0.106447657,-0.190786644
2/16/17,-0.075737728,-0.054666805,0.170291781
2/23/17,0.162298396,-0.153846377,-0.001727249
3/2/17,-0.014378014,-0.094427795,0.102551404
3/9/17,-0.208620758,-0.112222617,0.305413395
3/16/17,0.03896,0.282123404,-0.167713978
3/23/17,0.131853007,0.1356659,-0.211809422
3/30/17,-0.143441473,-0.053151165,0.225517965
4/6/17,-0.063412326,-0.009978765,0.059903914
4/13/17,0.023676856,0.04892831,-0.05651825
4/20/17,-0.112722629,0.057907736,0.035240429
4/27/17,0.480140978,-0.150289943,-0.180702625
5/4/17,0.000586089,0.057393392,-0.055447799
5/11/17,-0.140192955,0.158559961,0.00890174
5/18/17,-0.271297558,0.130784013,0.133539407
5/25/17,0.377471367,-0.113449971,-0.12410805
6/1/17,-0.180600236,0.11834294,0.051283333
6/8/17,0.316085443,-0.15645967,-0.063760166
6/15/17,-0.089244238,0.091542663,-0.001540931
6/22/17,0.011843487,0.004925877,-0.019350725
6/29/17,-0.090000643,0.129911488,-0.071061442
7/6/17,-0.004603844,-0.065974957,0.111780498
7/13/17,-0.045196518,0.038611162,-0.007689422
7/20/17,0.256480895,-0.081175705,-0.129029754
7/27/17,-0.028869431,0.064751212,-0.057435142
8/3/17,0.047928728,-0.22869891,0.319618653
8/10/17,-0.067691098,0.069515352,0.007305569
8/17/17,0.015077213,-0.028602941,0.014378365
8/24/17,-0.177768089,0.017600484,0.167503095
8/31/17,-0.110294955,0.044559758,0.041825969
9/7/17,0.171104,-0.003571998,-0.104081858
9/14/17,0.410221466,0.050353049,-0.385315069
9/21/17,-0.027896793,-0.111296486,0.238564933
9/28/17,-0.169493299,0.161635496,0.056032693
10/5/17,0.068001068,-0.166908334,0.141441278
10/12/17,0.117025281,0.054851266,-0.179859756
10/19/17,-0.046147347,0.024138024,0.038303978
10/26/17,0.04504495,-0.199502606,0.182664423
11/2/17,0.136613387,-0.034899167,-0.135064935
11/9/17,0.001109757,0.20644129,-0.192307692
11/16/17,-0.349343419,0.113664506,0.526088859
11/23/17,0.209392186,0.001642453,-0.176143043
11/30/17,0.012760263,-0.086231088,0.089870098
12/7/17,0.025905597,-0.108801692,0.082149543
12/14/17,0.22026949,-0.070188246,-0.178095402
12/21/17,0.122166667,-0.111419535,-0.088999111
12/28/17,0.042536759,0.11888311,-0.194638181
1/4/18,0.13500869,-0.075906825,-0.246150938
1/11/18,-0.185438078,0.063273042,0.611876109
1/18/18,0.111781577,-0.066901046,-0.146938824
1/25/18,-0.160012418,0.245831173,0.123266665
2/1/18,-0.015032615,-0.132666,0.196961625
2/8/18,-0.172957169,0.056254864,0.217482318
2/15/18,0.31035414,0.075415688,-0.388440162
2/22/18,-0.079724811,0.082804814,0.064374215
3/1/18,-0.165012362,0.207269466,0.027190916
3/8/18,-0.291836538,0.150308856,0.212401326
3/15/18,0.395396665,-0.074891904,-0.248502614
3/22/18,-0.0979233,-0.084856425,0.335543095
3/29/18,-0.039064945,-0.144842198,0.240207677
4/5/18,-0.001236845,-0.038766439,0.037040077
4/12/18,-0.182138535,-0.009728115,0.166922777
4/19/18,0.448361253,0.058990224,-0.316569833
4/26/18,-0.023155672,0.137643761,-0.125500101
5/3/18,-0.230662314,0.101722457,0.183734409
5/10/18,0.180154322,-0.009686155,-0.155883743
5/17/18,0.094444743,0.043623375,-0.193929946
5/24/18,0.051440335,-0.151356561,0.222681665
5/31/18,-0.091903709,0.064885801,0.047306803
6/7/18,0.111747925,-0.110724807,0.013804461
6/14/18,0.150236442,-0.024296165,-0.187677785
6/21/18,-0.135361164,0.047170796,0.20644326